TOPICS,PULSARID,WEEK_TAG
Piracy,0_87317_126_t1_j0d7k16,from 2022-12-09 to 2022-12-15
Ship,0_87317_126_t1_j0d7k16,from 2022-12-09 to 2022-12-15
Psychological concepts,0_87317_126_t1_j0d7k16,from 2022-12-09 to 2022-12-15
Cognitive science,0_87317_126_t1_j0d7k16,from 2022-12-09 to 2022-12-15
Language,0_87317_126_t1_j0d7k16,from 2022-12-09 to 2022-12-15
Piracy off the coast of Somalia,0_87317_126_t1_j0d7k16,from 2022-12-09 to 2022-12-15
Cognition,0_87317_126_t1_j0d7k16,from 2022-12-09 to 2022-12-15
Psychology,0_87317_126_t1_j0d7k16,from 2022-12-09 to 2022-12-15
Concepts in metaphysics,0_87317_126_t1_j0d7k16,from 2022-12-09 to 2022-12-15
Primate behavior,0_87317_126_t1_j0d7k16,from 2022-12-09 to 2022-12-15
Joke,0_87317_126_t1_j0d7k16,from 2022-12-09 to 2022-12-15
Interdisciplinary subfields,0_87317_126_t1_j0d7k16,from 2022-12-09 to 2022-12-15
Prejudice,0_87317_126_t1_j0d7k16,from 2022-12-09 to 2022-12-15
Issues in ethics,0_87317_126_t1_j0d7k16,from 2022-12-09 to 2022-12-15
Social psychology,0_87317_126_t1_j0d7k16,from 2022-12-09 to 2022-12-15
Behavioural sciences,0_87317_126_t1_j0d7k16,from 2022-12-09 to 2022-12-15
Sea of Okhotsk,0_87317_126_t1_j0d1on0,from 2022-12-09 to 2022-12-15
Warfare,0_87317_126_t1_j0d1on0,from 2022-12-09 to 2022-12-15
Naval warfare,0_87317_126_t1_j0d1on0,from 2022-12-09 to 2022-12-15
Water transport,0_87317_126_t1_j0d1on0,from 2022-12-09 to 2022-12-15
Warships,0_87317_126_t1_j0d1on0,from 2022-12-09 to 2022-12-15
Ships,0_87317_126_t1_j0d1on0,from 2022-12-09 to 2022-12-15
Submarines,0_87317_126_t1_j0d1on0,from 2022-12-09 to 2022-12-15
Shipping,0_87317_126_t1_j0d1on0,from 2022-12-09 to 2022-12-15
Military,0_87317_126_t1_j0d1on0,from 2022-12-09 to 2022-12-15
Watercraft,0_87317_126_t1_j0d1on0,from 2022-12-09 to 2022-12-15
Pacific theatre of World War II,0_87317_126_t1_j0d1on0,from 2022-12-09 to 2022-12-15
Military operations,0_87317_126_t1_j0d1on0,from 2022-12-09 to 2022-12-15
Theaters and campaigns of World War II,0_87317_126_t1_j0d1on0,from 2022-12-09 to 2022-12-15
Conflicts,0_87317_126_t1_j0d1on0,from 2022-12-09 to 2022-12-15
Ships of the United States,0_87317_126_t1_j0d1on0,from 2022-12-09 to 2022-12-15
Kuril Islands,0_87317_126_t1_j0d1on0,from 2022-12-09 to 2022-12-15
Empire of Japan,0_87317_126_t1_j0d1on0,from 2022-12-09 to 2022-12-15
Japan–United States military relations,0_87317_126_t1_j0d1on0,from 2022-12-09 to 2022-12-15
Maritime incidents,0_87317_126_t1_j0d1on0,from 2022-12-09 to 2022-12-15
Shipwrecks,0_87317_126_t1_j0d1on0,from 2022-12-09 to 2022-12-15
Maritime disasters,0_87317_126_t1_j0d1on0,from 2022-12-09 to 2022-12-15
Outer Manchuria,0_87317_126_t1_j0d1on0,from 2022-12-09 to 2022-12-15
Pacific Ocean theatre of World War II,0_87317_126_t1_j0d1on0,from 2022-12-09 to 2022-12-15
World War II,0_87317_126_t1_j0d1on0,from 2022-12-09 to 2022-12-15
Aviation,0_87317_126_t1_j0czz4e,from 2022-12-09 to 2022-12-15
Aviation safety,0_87317_126_t1_j0czz4e,from 2022-12-09 to 2022-12-15
Aviation events,0_87317_126_t1_j0czz4e,from 2022-12-09 to 2022-12-15
Aviation accidents and incidents,0_87317_126_t1_j0czz4e,from 2022-12-09 to 2022-12-15
Transport disasters,0_87317_126_t1_j0czz4e,from 2022-12-09 to 2022-12-15
Transport safety,0_87317_126_t1_j0czz4e,from 2022-12-09 to 2022-12-15
Transport accidents and incidents,0_87317_126_t1_j0czz4e,from 2022-12-09 to 2022-12-15
Man-made disasters,0_87317_126_t1_j0czz4e,from 2022-12-09 to 2022-12-15
Aviation accidents and incidents caused,0_87317_126_t1_j0czz4e,from 2022-12-09 to 2022-12-15
Airliners,0_87317_126_t1_j0czz4e,from 2022-12-09 to 2022-12-15
Civil aircraft,0_87317_126_t1_j0czz4e,from 2022-12-09 to 2022-12-15
Aircraft,0_87317_126_t1_j0czz4e,from 2022-12-09 to 2022-12-15
Airliner accidents and incidents caused,0_87317_126_t1_j0czz4e,from 2022-12-09 to 2022-12-15
Airliner accidents and incidents,0_87317_126_t1_j0czz4e,from 2022-12-09 to 2022-12-15
Transport,0_87317_126_t1_j0czz4e,from 2022-12-09 to 2022-12-15
Piracy,0_87317_126_t1_j0cy9vn,from 2022-12-09 to 2022-12-15
Ship,0_87317_126_t1_j0cy9vn,from 2022-12-09 to 2022-12-15
Piracy off the coast of Somalia,0_87317_126_t1_j0cy9vn,from 2022-12-09 to 2022-12-15
Water transport,0_87317_126_t1_j0cy9vn,from 2022-12-09 to 2022-12-15
World War II,0_87317_126_t1_j0csdpv,from 2022-12-09 to 2022-12-15
North Korea,0_87317_126_t1_j0csdpv,from 2022-12-09 to 2022-12-15
International relations,0_87317_126_t1_j0csdpv,from 2022-12-09 to 2022-12-15
Politics,0_87317_126_t1_j0csdpv,from 2022-12-09 to 2022-12-15
Global politics,0_87317_126_t1_j0csdpv,from 2022-12-09 to 2022-12-15
Foreign policy,0_87317_126_t1_j0csdpv,from 2022-12-09 to 2022-12-15
Diplomacy,0_87317_126_t1_j0csdpv,from 2022-12-09 to 2022-12-15
Conflicts,0_87317_126_t1_j0csdpv,from 2022-12-09 to 2022-12-15
War,0_87317_126_t1_j0csdpv,from 2022-12-09 to 2022-12-15
International security,0_87317_126_t1_j0csdpv,from 2022-12-09 to 2022-12-15
Government,0_87317_126_t1_j0csdpv,from 2022-12-09 to 2022-12-15
China–Japan relations,0_87317_126_t1_j0csdpv,from 2022-12-09 to 2022-12-15
Warfare,0_87317_126_t1_j0csdpv,from 2022-12-09 to 2022-12-15
Japan,0_87317_126_t1_j0csdpv,from 2022-12-09 to 2022-12-15
Military,0_87317_126_t1_j0csdpv,from 2022-12-09 to 2022-12-15
Late modern period,0_87317_126_t1_j0csdpv,from 2022-12-09 to 2022-12-15
Nuclear warfare,0_87317_126_t1_j0csdpv,from 2022-12-09 to 2022-12-15
Politics of Asia,0_87317_126_t1_j0csdpv,from 2022-12-09 to 2022-12-15
Foreign relations,0_87317_126_t1_j0csdpv,from 2022-12-09 to 2022-12-15
China,0_87317_126_t1_j0csdpv,from 2022-12-09 to 2022-12-15
Taiwan,0_87317_126_t1_j0cp68t,from 2022-12-09 to 2022-12-15
Language,0_87317_126_t1_j0cma7x,from 2022-12-09 to 2022-12-15
Linguistics,0_87317_126_t1_j0cma7x,from 2022-12-09 to 2022-12-15
Branches of linguistics,0_87317_126_t1_j0cma7x,from 2022-12-09 to 2022-12-15
Human communication,0_87317_126_t1_j0cma7x,from 2022-12-09 to 2022-12-15
Grammar,0_87317_126_t1_j0cma7x,from 2022-12-09 to 2022-12-15
Languages,0_87317_126_t1_j0cma7x,from 2022-12-09 to 2022-12-15
Cognitive science,0_87317_126_t1_j0cma7x,from 2022-12-09 to 2022-12-15
Language mechanics,0_87317_126_t1_j0cma7x,from 2022-12-09 to 2022-12-15
Syntax,0_87317_126_t1_j0cma7x,from 2022-12-09 to 2022-12-15
Cognition,0_87317_126_t1_j0cma7x,from 2022-12-09 to 2022-12-15
Language families,0_87317_126_t1_j0cma7x,from 2022-12-09 to 2022-12-15
China,0_87317_126_t1_j0clqsi,from 2022-12-09 to 2022-12-15
East Asia,0_87317_126_t1_j0clqsi,from 2022-12-09 to 2022-12-15
Taiwan,0_87317_126_t1_j0clqsi,from 2022-12-09 to 2022-12-15
Politics of China,0_87317_126_t1_j0clqsi,from 2022-12-09 to 2022-12-15
Asia,0_87317_126_t1_j0clqsi,from 2022-12-09 to 2022-12-15
Politics of East Asia,0_87317_126_t1_j0clqsi,from 2022-12-09 to 2022-12-15
Republic of China,0_87317_126_t1_j0clqsi,from 2022-12-09 to 2022-12-15
Territorial disputes of the Republic of China,0_87317_126_t1_j0clqsi,from 2022-12-09 to 2022-12-15
Languages of Taiwan,0_87317_126_t1_j0clqsi,from 2022-12-09 to 2022-12-15
Languages of East Asia,0_87317_126_t1_j0clqsi,from 2022-12-09 to 2022-12-15
Politics,0_87317_126_t1_j0clqsi,from 2022-12-09 to 2022-12-15
Linguistics,0_87317_126_t1_j0clqsi,from 2022-12-09 to 2022-12-15
Communication,0_87317_126_t1_j0clqsi,from 2022-12-09 to 2022-12-15
Territorial disputes of China,0_87317_126_t1_j0clqsi,from 2022-12-09 to 2022-12-15
Tajikistan,0_87317_126_t1_j0cea9n,from 2022-12-09 to 2022-12-15
Galwan River,0_87317_16_9a741256109c4f3a7f7f67ca2af21767,from 2022-12-09 to 2022-12-15
China,0_87317_16_9a741256109c4f3a7f7f67ca2af21767,from 2022-12-09 to 2022-12-15
People's Liberation Army,0_87317_16_9a741256109c4f3a7f7f67ca2af21767,from 2022-12-09 to 2022-12-15
Tawang,0_87317_16_9a741256109c4f3a7f7f67ca2af21767,from 2022-12-09 to 2022-12-15
Line of Actual Control,0_87317_16_9a741256109c4f3a7f7f67ca2af21767,from 2022-12-09 to 2022-12-15
Military,0_87317_16_9a741256109c4f3a7f7f67ca2af21767,from 2022-12-09 to 2022-12-15
Indian Army,0_87317_16_9a741256109c4f3a7f7f67ca2af21767,from 2022-12-09 to 2022-12-15
People's Liberation Army Air Force,0_87317_16_9a741256109c4f3a7f7f67ca2af21767,from 2022-12-09 to 2022-12-15
Politics,0_87317_16_9a741256109c4f3a7f7f67ca2af21767,from 2022-12-09 to 2022-12-15
WZ-7,0_87317_16_9a741256109c4f3a7f7f67ca2af21767,from 2022-12-09 to 2022-12-15
Dhola Post,0_87317_16_9a741256109c4f3a7f7f67ca2af21767,from 2022-12-09 to 2022-12-15
Unmanned aerial vehicle,0_87317_16_9a741256109c4f3a7f7f67ca2af21767,from 2022-12-09 to 2022-12-15
National security,0_87317_16_9a741256109c4f3a7f7f67ca2af21767,from 2022-12-09 to 2022-12-15
Finance,0_87317_126_t1_j0c3ccw,from 2022-12-09 to 2022-12-15
Investment,0_87317_126_t1_j0c3ccw,from 2022-12-09 to 2022-12-15
Financial economics,0_87317_126_t1_j0c3ccw,from 2022-12-09 to 2022-12-15
Economy,0_87317_126_t1_j0c3ccw,from 2022-12-09 to 2022-12-15
Financial markets,0_87317_126_t1_j0c3ccw,from 2022-12-09 to 2022-12-15
Market (economics),0_87317_126_t1_j0c3ccw,from 2022-12-09 to 2022-12-15
Money,0_87317_126_t1_j0c3ccw,from 2022-12-09 to 2022-12-15
Business,0_87317_126_t1_j0c3ccw,from 2022-12-09 to 2022-12-15
Corporate finance,0_87317_126_t1_j0c3ccw,from 2022-12-09 to 2022-12-15
Singapore,0_87317_126_t1_j0bvv27,from 2022-12-09 to 2022-12-15
Cambodia,0_87317_126_t1_j0bvv27,from 2022-12-09 to 2022-12-15
Iraq,0_87317_126_t1_j0bvv27,from 2022-12-09 to 2022-12-15
Ukraine,0_87317_126_t1_j0bvv27,from 2022-12-09 to 2022-12-15
Vietnam,0_87317_126_t1_j0bvv27,from 2022-12-09 to 2022-12-15
Saddam Hussein,0_87317_126_t1_j0bvv27,from 2022-12-09 to 2022-12-15
Political theories,0_87317_126_t1_j0bvv27,from 2022-12-09 to 2022-12-15
Political ideologies,0_87317_126_t1_j0bvv27,from 2022-12-09 to 2022-12-15
Government,0_87317_126_t1_j0bvv27,from 2022-12-09 to 2022-12-15
International relations,0_87317_126_t1_j0bvv27,from 2022-12-09 to 2022-12-15
Politics,0_87317_126_t1_j0bvv27,from 2022-12-09 to 2022-12-15
Ideology,0_87317_126_t1_j0bvv27,from 2022-12-09 to 2022-12-15
United States,0_87317_126_t1_j0bvv27,from 2022-12-09 to 2022-12-15
Democracy,0_87317_126_t1_j0bvv27,from 2022-12-09 to 2022-12-15
China,0_87317_126_t1_j0bvv27,from 2022-12-09 to 2022-12-15
Political science,0_87317_126_t1_j0bvv27,from 2022-12-09 to 2022-12-15
Malaysia,0_87317_126_t1_j0bvv27,from 2022-12-09 to 2022-12-15
Khmer Rouge,0_87317_126_t1_j0bvv27,from 2022-12-09 to 2022-12-15
Law,0_87317_126_t1_j0bvv27,from 2022-12-09 to 2022-12-15
Cambodian–Vietnamese War,0_87317_126_t1_j0bvv27,from 2022-12-09 to 2022-12-15
ASEAN,0_87317_126_t1_j0bvv27,from 2022-12-09 to 2022-12-15
South China Sea,0_87317_126_t1_j0bvv27,from 2022-12-09 to 2022-12-15
Ideologies,0_87317_126_t1_j0bvv27,from 2022-12-09 to 2022-12-15
Iraq War,0_87317_126_t1_j0bvv27,from 2022-12-09 to 2022-12-15
Russia,0_87317_126_t1_j0bvv27,from 2022-12-09 to 2022-12-15
Global politics,0_87317_126_t1_j0bvv27,from 2022-12-09 to 2022-12-15
Indonesia,0_87317_126_t1_j0bvv27,from 2022-12-09 to 2022-12-15
Invasion,0_87317_126_t1_j0bvv27,from 2022-12-09 to 2022-12-15
Pol Pot,0_87317_126_t1_j0bvv27,from 2022-12-09 to 2022-12-15
Philippines,0_87317_16_1b7a37325d07af229994d32cc2602be5,from 2022-12-09 to 2022-12-15
Malaysia,0_87317_16_1b7a37325d07af229994d32cc2602be5,from 2022-12-09 to 2022-12-15
Vietnam,0_87317_16_1b7a37325d07af229994d32cc2602be5,from 2022-12-09 to 2022-12-15
Hong Kong,0_87317_16_1b7a37325d07af229994d32cc2602be5,from 2022-12-09 to 2022-12-15
United States,0_87317_16_1b7a37325d07af229994d32cc2602be5,from 2022-12-09 to 2022-12-15
Myanmar,0_87317_16_1b7a37325d07af229994d32cc2602be5,from 2022-12-09 to 2022-12-15
Indonesia,0_87317_16_1b7a37325d07af229994d32cc2602be5,from 2022-12-09 to 2022-12-15
Cambodia,0_87317_16_1b7a37325d07af229994d32cc2602be5,from 2022-12-09 to 2022-12-15
Singapore,0_87317_16_1b7a37325d07af229994d32cc2602be5,from 2022-12-09 to 2022-12-15
China,0_87317_16_1b7a37325d07af229994d32cc2602be5,from 2022-12-09 to 2022-12-15
Thailand,0_87317_16_1b7a37325d07af229994d32cc2602be5,from 2022-12-09 to 2022-12-15
Laos,0_87317_16_1b7a37325d07af229994d32cc2602be5,from 2022-12-09 to 2022-12-15
Politics,0_87317_16_1b7a37325d07af229994d32cc2602be5,from 2022-12-09 to 2022-12-15
Bangkok,0_87317_16_1b7a37325d07af229994d32cc2602be5,from 2022-12-09 to 2022-12-15
Brunei,0_87317_16_1b7a37325d07af229994d32cc2602be5,from 2022-12-09 to 2022-12-15
Taiwan,0_87317_16_1b7a37325d07af229994d32cc2602be5,from 2022-12-09 to 2022-12-15
Southeast Asia,0_87317_16_1b7a37325d07af229994d32cc2602be5,from 2022-12-09 to 2022-12-15
Retail,0_87317_16_1b7a37325d07af229994d32cc2602be5,from 2022-12-09 to 2022-12-15
South China Sea,0_87317_16_1b7a37325d07af229994d32cc2602be5,from 2022-12-09 to 2022-12-15
Prison,0_87317_16_1b7a37325d07af229994d32cc2602be5,from 2022-12-09 to 2022-12-15
